PLAYER_NAME,SALARY
Stephen Curry,62587158
Nikola Jokić,59033114
Jayson Tatum,58456566
Anthony Davis,58456566
Giannis Antetokounmpo,58456566
Joel Embiid,58100000
Jaylen Brown,57078728
Devin Booker,57078728
Karl-Anthony Towns,57078728
Jimmy Butler,56832773
Paul George,54126380
Kawhi Leonard,50300000
Donovan Mitchell,50105628
Cade Cunningham,50105628
Evan Mobley,50105628
Jamal Murray,50105628
De'Aaron Fox,49800000
Bam Adebayo,49800000
Luka Dončić,49800000
Trae Young,49488300
Jaren Jackson Jr.,49000000
Zach LaVine,48967380
Anthony Edwards,48924624
Tyrese Haliburton,48924624
Pascal Siakam,48924624
Lauri Markkanen,46113154
Domantas Sabonis,45472000
Kevin Durant,43902439
OG Anunoby,42500000
Ja Morant,42166510
Zion Williamson,42166510
Darius Garland,42166510
Scottie Barnes,41754690
Franz Wagner,41754690
Jalen Williams,41500000
Chet Holmgren,41500000
Paolo Banchero,41500000
Austin Reaves,41240250
Shai Gilgeous-Alexander,40806150
Michael Porter Jr.,40806150
Tyrese Maxey,40770520
LaMelo Ball,40770520
Brandon Ingram,40000000
Kyrie Irving,39491282
Desmond Bane,39446090
Jalen Brunson,37739521
Rudy Gobert,36500000
Jalen Green,36251166
Alperen Şengün,35642202
Jrue Holiday,34800000
Jerami Grant,34206898
Jordan Poole,34044642
Aaron Gordon,33658037
Mikal Bridges,33482145
Julius Randle,33333334
Tyler Herro,33000000
Dejounte Murray,32785071
Immanuel Quickley,32500000
Jalen Suggs,32400000
James Harden,30647619
Derrick White,30348000
Walker Kessler,30232558
Andrew Wiggins,30169644
Jalen Johnson,30000000
RJ Barrett,29616071
Jarrett Allen,28000000
Draymond Green,27678571
Trey Murphy III,27000000
Devin Vassell,27000000
Myles Turner,26584164
Jaden McDaniels,26200001
Dyson Daniels,25000000
Josh Giddey,25000000
Fred VanVleet,25000000
De'Andre Hunter,24910714
Keegan Murray,24137936
Jabari Smith Jr.,23643411
Naz Reid,23275862
Isaiah Hartenstein,23148148
Nic Claxton,23147727
Cameron Johnson,23062500
Coby White,22839506
Miles Bridges,22826087
Damian Lillard,35915403
Christian Braun,21551726
Norman Powell,21500000
CJ McCollum,21000000
Josh Hart,20923760
Peyton Watson,20465116
Kyle Kuzma,20345152
Ivica Zubac,20342140
Malik Monk,20190035
Shaedon Sharpe,20089287
Dillon Brooks,19992727
P.J. Washington,19813044
Alex Caruso,19550160
Andrew Nembhard,19550160
Kristaps Porziņģis,19512195
Jakob Poeltl,19500000
Bradley Beal,25807810
Ayo Dosunmu,19310345
Luguentz Dort,18222222
Grayson Allen,18125000
Wendell Carter Jr.,18102000
Toumani Camara,18080358
Patrick Williams,18000000
Kentavious Caldwell-Pope,20194392
Keldon Johnson,17500000
Klay Thompson,23060317
Daniel Gafford,17263584
Santi Aldama,17007043
John Collins,17000000
Victor Wembanyama,16868246
Max Strus,16660836
Nikola Jović,16200000
Onyeka Okongwu,16120000
Duncan Robinson,15992957
Terance Mann,15500000
Gary Trent Jr.,15200000
Brandon Miller,15104626
Mitchell Robinson,15044000
Tobias Harris,15044000
Obi Toppin,15000000
Isaiah Stewart,15000000
Herbert Jones,14898786
Caris LeVert,14809200
Dennis Schröder,14809200
AJ Dybantsa,14748000
Josh Green,14679012
Bobby Portis,14521414
Cooper Flagg,14517480
Nickeil Alexander-Walker,14403710
Grant Williams,14265750
Jock Landale,14100000
Tari Eason,14051724
Rui Hachimura,14000000
Corey Kispert,13975000
Robert Williams,13968254
Quentin Grimes,13953489
Julian Champagnie,13888889
Zaccharie Risacher,13826040
Scoot Henderson,13585523
Dorian Finney-Smith,13335000
Darryn Peterson,13195320
Deni Avdija,13125000
Sandro Mamukelashvili,13000000
Steven Adams,13000000
Dylan Harper,12989040
Donte DiVincenzo,12535000
Moses Moody,12500000
Jarred Vanderbilt,12428571
Davion Mitchell,12400000
Alex Sarr,12370680
Amen Thompson,12258609
Cameron Boozer,11849760
Isaac Okoro,11814814
Mark Williams,11728395
VJ Edgecombe,11663880
Isaiah Joe,11323006
Ausar Thompson,11117925
Reed Sheppard,11108880
Aaron Nesmith,11000000
T.J. McConnell,11000000
Royce O'Neale,10875000
Sam Hauser,10848215
Collin Gillespie,10714286
Caleb Wilson,10683720
Jusuf Nurkić,10576923
Kon Knueppel,10516560
Derrick Jones Jr.,10476190
Luke Kornet,10450000
Anthony Black,10106316
A.J. Green,10044644
Stephon Castle,10015920
Caleb Martin,10001493
Day'Ron Sharpe,10000000
Keaton Wagler,9674760
Buddy Hield,9658536
Ace Bailey,9523080
Naji Marshall,9428571
Jalen Smith,9428571
Collin Sexton,9366000
Moritz Wagner,9268293
Bilal Coulibaly,9240012
Aaron Wiggins,9224300
Ty Jerome,9220050
Brook Lopez,9187500
Sam Merrill,9160715
Ron Holland,9069600
Dean Wade,9000000
Mikel Brown Jr.,8787000
Keon Ellis,8780488
Tre Johnson,8649600
Jarace Walker,8478542
Kevin Huerter,8333333
Zach Collins,8292683
Quinten Post,8285714
Max Christie,8285714
Tidjane Salaün,8237880
Deandre Ayton,8104000
Kelly Oubre Jr.,8050000
Darius Acuff Jr.,8021640
Jonathan Isaac,10449421
Tre Mann,8000000
Harrison Barnes,8000000
Tre Jones,8000000
Jeremiah Fears,7896240
Taylor Hendricks,7805900
Bennedict Mathurin,7804878
Jaylin Williams,7774648
Payton Pritchard,7767857
Goga Bitadze,7608696
Donovan Clingan,7519920
Zeke Nnaji,7466667
Cason Wallace,7420806
Kingston Flemings,7348680
Dereck Lively II,7239131
Egor Dëmin,7233720
Gradey Dick,7131511
Clint Capela,7035000
Jordan Hawkins,7021895
Isaiah Jackson,7000000
Rob Dillingham,6889320
Al Horford,6822000
Morez Johnson Jr.,6754800
Collin Murray-Boyles,6649560
Keyonte George,6563925
Tim Hardaway Jr.,6500000
Saddiq Bey,6440678
Brayden Burries,6417360
Zach Edey,6332760
Khaman Maluach,6316680
Yaxel Lendeborg,6096240
Luke Kennard,6064000
Jonathan Kuminga,6064000
Marcus Smart,6064000
Cody Williams,6015600
Cedric Coward,6001080
Spencer Jones,6000000
Jaxson Hayes,6000000
Josh Okogie,6000000
Anfernee Simons,6000000
Jake LaRavia,6000000
Jaden Hardy,6000000
D'Angelo Russell,5969250
Jaime Jaquez Jr.,5939141
Nicolas Batum,5881680
Jordan Goodwin,5864198
Aday Mara,5791680
Ousmane Dieng,5750000
Matas Buzelis,5715360
Noa Essengue,5701200
Kris Dunn,5684800
Brandin Podziemski,5679459
Paul Reed,5602689
Khris Middleton,5591122
Nate Ament,5502000
Precious Achiuwa,5477000
De'Anthony Melton,5477000
Nikola Topić,5429760
Derik Queen,5416080
Noah Clowney,5414034
Kevin Porter Jr.,5390700
Landry Shamet,5357143
Kris Murray,5315004
Jordan Miller,5300000
Hannes Steinbach,5227200
Marcus Sasser,5198983
Devin Carter,5158080
Carter Bryant,5145360
Ben Sheppard,5031669
Kenrich Williams,5000000
Dailyn Swain,4965480
Bub Carrington,4900560
Thomas Sorber,4887720
Brice Sensabaugh,4862237
Julian Strawther,4826931
Bennett Stirtz,4717320
Kel'el Ware,4654920
Yang Hansen,4643520
Gui Santos,4629630
Jose Alvarado,4500000
Josh Minott,4500000
Ebuka Okorie,4481280
Jared McCain,4422600
Joan Beringer,4411200
Christian Anderson Jr.,4257480
Dalton Knecht,4201080
Walter Clayton,4190520
Allen Graves,4065720
Nolan Traoré,4002000
Ryan Rollins,4000000
Daniss Jenkins,4000000
Tristan Da Silva,3991200
Miles McBride,3956523
Javonte Green,3943679
Jayden Quaintance,3902760
DeAndre Jordan,3876529
LeBron James,3876529
Svi Mykhailiuk,3850000
Kasparas Jakučionis,3841680
Taurean Prince,3815861
Gary Harris,3815861
Pat Connaughton,3815861
Ja'Kobe Walter,3811800
Karim López,3746760
Cole Anthony,3700000
Will Riley,3688320
Jaylon Tyson,3658560
Labaron Philon Jr.,3597120
Drake Powell,3540600
Yves Missi,3512760
Zuby Ejiofor,3453360
Dominick Barlow,3415000
Ariel Hukporti,3400000
Asa Newell,3399480
DaRon Holmes,3372120
Cameron Carr,3315360
Mo Bamba,3286399
Lonnie Walker IV,3286399
Nique Clifford,3263400
AJ Johnson,3237120
Sergio de Larrea,3182280
Ron Harper Jr.,3150752
Jase Richardson,3132360
Kyshawn George,3108000
Nassir Little,3107143
Jaylen Clark,3086420
Tarris Reed Jr.,3076920
Ben Saraf,3028560
Tarik Biberovic,3000000
Kyle Filipowski,3000000
Chris Cenac Jr.,2988120
Pacôme Dadiet,2983680
Joshua Jefferson,2969520
Alex Karaban,2948280
Danny Wolf,2941440
Koa Peat,2926800
Hugo González,2923560
Liam McNeeley,2902080
Yanic Konan Niederhäuser,2880960
Ajay Mitchell,2850000
Bones Hyland,2845883
Terrence Shannon Jr.,2801640
Micah Potter,2801346
Jericho Sims,2801346
Luka Garza,2801346
Ryan Dunn,2784240
Isaiah Collier,2763960
Baylor Scheierman,2744040
Neemias Queta,2667944
Justin Champagnie,2667944
Vít Krejčí,2667944
Jay Huff,2667944
Christian Koloko,2625627
JD Davison,2625627
Caleb Houstan,2625627
Kobe Sanders,2622139
Jamaree Bouyea,2584539
Jamal Cain,2584539
Bryce McGowens,2584539
Jabari Walker,2584539
Dru Smith,2584539
Pete Nance,2537526
Oscar Tshiebwe,2537526
Julian Phillips,2537526
Andre Jackson Jr.,2537526
Malaki Branham,2537526
Olivier-Maxence Prosper,3500172
Sidy Cissoko,2497812
Scotty Pippen Jr.,2461462
Moussa Diabaté,2461462
Daeqwon Plowden,2449421
Isaiah Crawford,2449421
Harrison Ingram,2449421
Kyle Anderson,2449421
Jordan McLaughlin,2449421
Jeremy Sochan,2449421
Branden Carlson,2449421
Jevon Carter,2449421
Nikola Vučević,2449421
Jordan Clarkson,2449421
Andre Drummond,2449421
Kobe Bufkin,2449421
Trey Lyles,2449421
Nick Richards,2449421
Simone Fontecchio,2449421
Matisse Thybulle,2449421
Ziaire Williams,2449421
Kevon Looney,2449421
Larry Nance Jr.,2449421
Jae'Sean Tate,2449421
Bogdan Bogdanović,2449421
Gary Payton II,2449421
Charles Bassey,2449421
DeMar DeRozan,2449421
Marvin Bagley III,2449421
Tyus Jones,2449421
Mario Hezonja,2449421
Thomas Bryant,2449421
Mike Conley,2449421
Haywood Highsmith,3449421
Ben Simmons,2449421
Dillon Jones,2449421
Trendon Watford,2449421
John Butler,2449421
Yuki Kawamura,2449421
Georges Niang,2449421
Brandon Williams,2449421
Cam Spencer,2411090
Justin Edwards,2411090
Tolu Smith,2411090
Nae'Qwan Tomlin,2411090
Ryan Kalkbrenner,2411090
Sion James,2411090
Jordan Walsh,2406205
Trayce Jackson-Davis,2406205
GG Jackson II,2406205
Craig Porter Jr.,2406205
Leonard Miller,2406205
Mouhamed Gueye,2406205
Jamal Shead,2296271
Tyler Kolek,2296271
Karlo Matković,2296271
Pelle Larsson,2296271
Johnny Furphy,2296271
Jamison Battle,2296271
Oso Ighodaro,2296271
Adem Bona,2296271
Jaylen Wells,2296271
Bronny James,2296271
Cam Christie,2296271
Mohamed Diawara,2232143
JaVale McGee,2208856
Alijah Martin,2185116
Moussa Cisse,2185116
Malachi Smith,2185116
Taelon Peter,2185116
Alex Toohey,2185116
Bez Mbeng,2185116
Rasheer Fleming,2150917
Maxime Raynaud,2150917
Noah Penda,2150917
Micah Peavy,2150917
Adou Thiero,2150917
Johni Broome,2150917
Will Richard,2150917
Chaz Lanier,2150917
Tyrese Proctor,2150917
Ryan Nembhard,2150917
Myron Gardner,2150917
John Konchar,2055000
Cam Whitmore,1819437
Baba Miller,1705630
Isaiah Evans,1357763
Bogoljub Markovic,1357763
Meleek Thomas,1357763
Emanuel Sharp,1357763
Ryan Conwell,1357763
Henri Veesaar,1357763
Bruce Thornton,1357763
Trevon Brazile,1357763
Khalifa Diop,1357763
Nate Bittle,1357763
Tacko Fall,1357763
Jameer Nelson Jr.,1357763
Saint Thomas,1357763
J'Vonne Hadley,1357763
Dalen Terry,1357763
Tucker DeVries,1357763
Milos Uzan,1357763
E.J. Liddell,706898
Vasilije Micić,666667
Mamadi Diakite,464050
Ricky Rubio,424672
Didi Louzada,268032
Taj Gibson,148828
